{"cameraMode":{"drawMode":0,"name":"Shaded","section":"Shading Mode"},"sceneLighting":false,"audioPlay":false,"sceneViewState":{"showFog":true,"showMaterialUpdate":false,"showSkybox":true,"showFlares":true,"showImageEffects":true,"showParticleSystems":true},"in2DMode":false,"pivot":{"x":-0.7687268257141113,"y":2.613877296447754,"z":6.4565019607543949},"rotation":{"x":0.19325657188892365,"y":0.668634831905365,"z":-0.18636123836040498,"w":0.6934327483177185},"size":16.558393478393556,"orthographic":false}