{"cameraMode":{"drawMode":0,"name":"Shaded","section":"Shading Mode"},"sceneLighting":false,"audioPlay":false,"sceneViewState":{"showFog":true,"showMaterialUpdate":false,"showSkybox":true,"showFlares":true,"showImageEffects":true,"showParticleSystems":true},"in2DMode":false,"pivot":{"x":0.0,"y":0.48000001907348635,"z":4.974860191345215},"rotation":{"x":0.3716150224208832,"y":0.09370842576026917,"z":-0.037743836641311648,"w":0.9228740334510803},"size":20.339868545532228,"orthographic":false}