{"cameraMode":{"drawMode":0,"name":"Shaded","section":"Shading Mode"},"sceneLighting":false,"audioPlay":false,"sceneViewState":{"showFog":true,"showMaterialUpdate":false,"showSkybox":true,"showFlares":true,"showImageEffects":true,"showParticleSystems":true},"in2DMode":false,"pivot":{"x":-84.29617309570313,"y":-14.493265151977539,"z":-67.19679260253906},"rotation":{"x":0.011605647392570973,"y":-0.9834933876991272,"z":0.06827379763126373,"w":0.16716746985912324},"size":17.173059463500978,"orthographic":false}