{"cameraMode":{"drawMode":0,"name":"Shaded","section":"Shading Mode"},"sceneLighting":false,"audioPlay":false,"sceneViewState":{"showFog":true,"showMaterialUpdate":false,"showSkybox":true,"showFlares":true,"showImageEffects":true,"showParticleSystems":true},"in2DMode":false,"pivot":{"x":-88.05999755859375,"y":-14.495563507080079,"z":-66.62000274658203},"rotation":{"x":0.07410366833209992,"y":-0.747977077960968,"z":0.0847388282418251,"w":0.6541087031364441},"size":21.4007568359375,"orthographic":false}