{"cameraMode":{"drawMode":0,"name":"Shaded","section":"Shading Mode"},"sceneLighting":false,"audioPlay":false,"sceneViewState":{"showFog":true,"showMaterialUpdate":false,"showSkybox":true,"showFlares":true,"showImageEffects":true,"showParticleSystems":true},"in2DMode":false,"pivot":{"x":0.0,"y":0.48000001907348635,"z":4.974860191345215},"rotation":{"x":-0.021363940089941026,"y":0.9395866990089417,"z":-0.33639681339263918,"w":-0.059647273272275928},"size":16.348207473754884,"orthographic":false}