{"cameraMode":{"drawMode":0,"name":"Shaded","section":"Shading Mode"},"sceneLighting":false,"audioPlay":false,"sceneViewState":{"showFog":true,"showMaterialUpdate":false,"showSkybox":true,"showFlares":true,"showImageEffects":true,"showParticleSystems":true},"in2DMode":false,"pivot":{"x":0.38889455795288088,"y":-0.06407928466796875,"z":5.766402721405029},"rotation":{"x":0.5698180794715881,"y":-0.0068283057771623138,"z":0.004723636899143457,"w":0.8217289447784424},"size":10.069693565368653,"orthographic":false}