{"cameraMode":{"drawMode":0,"name":"Shaded","section":"Shading Mode"},"sceneLighting":false,"audioPlay":false,"sceneViewState":{"showFog":true,"showMaterialUpdate":false,"showSkybox":true,"showFlares":true,"showImageEffects":true,"showParticleSystems":true},"in2DMode":false,"pivot":{"x":0.0,"y":1.0006648302078248,"z":2.2804555892944338},"rotation":{"x":0.13195420801639558,"y":0.8355103731155396,"z":-0.22881458699703217,"w":0.4818240702152252},"size":8.083314895629883,"orthographic":false}