{"cameraMode":{"drawMode":0,"name":"Shaded","section":"Shading Mode"},"sceneLighting":false,"audioPlay":false,"sceneViewState":{"showFog":true,"showMaterialUpdate":false,"showSkybox":true,"showFlares":true,"showImageEffects":true,"showParticleSystems":true},"in2DMode":false,"pivot":{"x":-2.2019143104553224,"y":0.9260434508323669,"z":21.834945678710939},"rotation":{"x":-0.06586291640996933,"y":0.928235650062561,"z":-0.30741018056869509,"w":-0.19884593784809113},"size":18.62618637084961,"orthographic":false}