{"cameraMode":{"drawMode":0,"name":"Shaded","section":"Shading Mode"},"sceneLighting":false,"audioPlay":false,"sceneViewState":{"showFog":true,"showMaterialUpdate":false,"showSkybox":true,"showFlares":true,"showImageEffects":true,"showParticleSystems":true},"in2DMode":false,"pivot":{"x":-322.04229736328127,"y":77.71820068359375,"z":-44.97390365600586},"rotation":{"x":0.5527848601341248,"y":0.2547691762447357,"z":-0.18239587545394898,"w":0.7721744179725647},"size":194.5355682373047,"orthographic":false}