{"cameraMode":{"drawMode":0,"name":"Shaded","section":"Shading Mode"},"sceneLighting":false,"audioPlay":false,"sceneViewState":{"showFog":true,"showMaterialUpdate":false,"showSkybox":true,"showFlares":true,"showImageEffects":true,"showParticleSystems":true},"in2DMode":false,"pivot":{"x":-0.03880000114440918,"y":1.8289999961853028,"z":0.0},"rotation":{"x":-0.008315255865454674,"y":0.9706733226776123,"z":-0.23785653710365296,"w":-0.033890094608068469},"size":7.479461193084717,"orthographic":false}