{"cameraMode":{"drawMode":0,"name":"Shaded","section":"Shading Mode"},"sceneLighting":false,"audioPlay":false,"sceneViewState":{"showFog":true,"showMaterialUpdate":false,"showSkybox":true,"showFlares":true,"showImageEffects":true,"showParticleSystems":true},"in2DMode":false,"pivot":{"x":0.004337474703788757,"y":0.4893342852592468,"z":4.050753593444824},"rotation":{"x":0.2774677574634552,"y":0.6371181011199951,"z":-0.2643663287162781,"w":0.6687321662902832},"size":13.5543794631958,"orthographic":false}