{"cameraMode":{"drawMode":0,"name":"Shaded","section":"Shading Mode"},"sceneLighting":false,"audioPlay":false,"sceneViewState":{"showFog":true,"showMaterialUpdate":false,"showSkybox":true,"showFlares":true,"showImageEffects":true,"showParticleSystems":true},"in2DMode":false,"pivot":{"x":-0.26809626817703249,"y":1.008610486984253,"z":0.020434990525245668},"rotation":{"x":0.09595395624637604,"y":-0.8840221762657166,"z":0.20820628106594087,"w":0.40736693143844607},"size":4.171123504638672,"orthographic":false}