{"cameraMode":{"drawMode":0,"name":"Shaded","section":"Shading Mode"},"sceneLighting":false,"audioPlay":false,"sceneViewState":{"showFog":true,"showMaterialUpdate":false,"showSkybox":true,"showFlares":true,"showImageEffects":true,"showParticleSystems":true},"in2DMode":false,"pivot":{"x":0.0,"y":0.4700000286102295,"z":6.911468505859375},"rotation":{"x":0.37543338537216189,"y":0.06313163787126541,"z":-0.025653230026364328,"w":0.9243409037590027},"size":19.657451629638673,"orthographic":false}