{"cameraMode":{"drawMode":0,"name":"Shaded","section":"Shading Mode"},"sceneLighting":false,"audioPlay":false,"sceneViewState":{"showFog":true,"showMaterialUpdate":false,"showSkybox":true,"showFlares":true,"showImageEffects":true,"showParticleSystems":true},"in2DMode":false,"pivot":{"x":0.0,"y":0.9999998807907105,"z":0.9999999403953552},"rotation":{"x":-0.06241440773010254,"y":0.7393391132354736,"z":-0.06917799264192581,"w":-0.6668557524681091},"size":5.715766906738281,"orthographic":false}